kind,sequence,filename,physical_page,dpi,source_pdf_sha256
review160,1,review160-001-page-014.png,14,160,FC4F111131EF39BF18762784F1CE80336304415DB0ADDDC6B41744E3544FFD3D
review160,2,review160-002-page-015.png,15,160,FC4F111131EF39BF18762784F1CE80336304415DB0ADDDC6B41744E3544FFD3D
review160,3,review160-003-page-016.png,16,160,FC4F111131EF39BF18762784F1CE80336304415DB0ADDDC6B41744E3544FFD3D
review160,4,review160-004-page-023.png,23,160,FC4F111131EF39BF18762784F1CE80336304415DB0ADDDC6B41744E3544FFD3D
review160,5,review160-005-page-024.png,24,160,FC4F111131EF39BF18762784F1CE80336304415DB0ADDDC6B41744E3544FFD3D
review160,6,review160-006-page-025.png,25,160,FC4F111131EF39BF18762784F1CE80336304415DB0ADDDC6B41744E3544FFD3D
review160,7,review160-007-page-026.png,26,160,FC4F111131EF39BF18762784F1CE80336304415DB0ADDDC6B41744E3544FFD3D
review160,8,review160-008-page-030.png,30,160,FC4F111131EF39BF18762784F1CE80336304415DB0ADDDC6B41744E3544FFD3D
review160,9,review160-009-page-031.png,31,160,FC4F111131EF39BF18762784F1CE80336304415DB0ADDDC6B41744E3544FFD3D
review160,10,review160-010-page-032.png,32,160,FC4F111131EF39BF18762784F1CE80336304415DB0ADDDC6B41744E3544FFD3D
review160,11,review160-011-page-042.png,42,160,FC4F111131EF39BF18762784F1CE80336304415DB0ADDDC6B41744E3544FFD3D
review160,12,review160-012-page-043.png,43,160,FC4F111131EF39BF18762784F1CE80336304415DB0ADDDC6B41744E3544FFD3D
review160,13,review160-013-page-044.png,44,160,FC4F111131EF39BF18762784F1CE80336304415DB0ADDDC6B41744E3544FFD3D
review160,14,review160-014-page-045.png,45,160,FC4F111131EF39BF18762784F1CE80336304415DB0ADDDC6B41744E3544FFD3D
review160,15,review160-015-page-085.png,85,160,FC4F111131EF39BF18762784F1CE80336304415DB0ADDDC6B41744E3544FFD3D
review160,16,review160-016-page-086.png,86,160,FC4F111131EF39BF18762784F1CE80336304415DB0ADDDC6B41744E3544FFD3D
review160,17,review160-017-page-087.png,87,160,FC4F111131EF39BF18762784F1CE80336304415DB0ADDDC6B41744E3544FFD3D
review160,18,review160-018-page-089.png,89,160,FC4F111131EF39BF18762784F1CE80336304415DB0ADDDC6B41744E3544FFD3D
review160,19,review160-019-page-090.png,90,160,FC4F111131EF39BF18762784F1CE80336304415DB0ADDDC6B41744E3544FFD3D
review160,20,review160-020-page-091.png,91,160,FC4F111131EF39BF18762784F1CE80336304415DB0ADDDC6B41744E3544FFD3D
review160,21,review160-021-page-092.png,92,160,FC4F111131EF39BF18762784F1CE80336304415DB0ADDDC6B41744E3544FFD3D
review160,22,review160-022-page-093.png,93,160,FC4F111131EF39BF18762784F1CE80336304415DB0ADDDC6B41744E3544FFD3D
review160,23,review160-023-page-094.png,94,160,FC4F111131EF39BF18762784F1CE80336304415DB0ADDDC6B41744E3544FFD3D
review160,24,review160-024-page-095.png,95,160,FC4F111131EF39BF18762784F1CE80336304415DB0ADDDC6B41744E3544FFD3D
review160,25,review160-025-page-105.png,105,160,FC4F111131EF39BF18762784F1CE80336304415DB0ADDDC6B41744E3544FFD3D
review160,26,review160-026-page-106.png,106,160,FC4F111131EF39BF18762784F1CE80336304415DB0ADDDC6B41744E3544FFD3D
review160,27,review160-027-page-107.png,107,160,FC4F111131EF39BF18762784F1CE80336304415DB0ADDDC6B41744E3544FFD3D
review160,28,review160-028-page-108.png,108,160,FC4F111131EF39BF18762784F1CE80336304415DB0ADDDC6B41744E3544FFD3D
review160,29,review160-029-page-113.png,113,160,FC4F111131EF39BF18762784F1CE80336304415DB0ADDDC6B41744E3544FFD3D
review160,30,review160-030-page-114.png,114,160,FC4F111131EF39BF18762784F1CE80336304415DB0ADDDC6B41744E3544FFD3D
review160,31,review160-031-page-115.png,115,160,FC4F111131EF39BF18762784F1CE80336304415DB0ADDDC6B41744E3544FFD3D
review160,32,review160-032-page-116.png,116,160,FC4F111131EF39BF18762784F1CE80336304415DB0ADDDC6B41744E3544FFD3D
review160,33,review160-033-page-117.png,117,160,FC4F111131EF39BF18762784F1CE80336304415DB0ADDDC6B41744E3544FFD3D
review160,34,review160-034-page-118.png,118,160,FC4F111131EF39BF18762784F1CE80336304415DB0ADDDC6B41744E3544FFD3D
review160,35,review160-035-page-119.png,119,160,FC4F111131EF39BF18762784F1CE80336304415DB0ADDDC6B41744E3544FFD3D
review160,36,review160-036-page-120.png,120,160,FC4F111131EF39BF18762784F1CE80336304415DB0ADDDC6B41744E3544FFD3D
review160,37,review160-037-page-121.png,121,160,FC4F111131EF39BF18762784F1CE80336304415DB0ADDDC6B41744E3544FFD3D
review160,38,review160-038-page-122.png,122,160,FC4F111131EF39BF18762784F1CE80336304415DB0ADDDC6B41744E3544FFD3D
review160,39,review160-039-page-123.png,123,160,FC4F111131EF39BF18762784F1CE80336304415DB0ADDDC6B41744E3544FFD3D
review160,40,review160-040-page-132.png,132,160,FC4F111131EF39BF18762784F1CE80336304415DB0ADDDC6B41744E3544FFD3D
review160,41,review160-041-page-133.png,133,160,FC4F111131EF39BF18762784F1CE80336304415DB0ADDDC6B41744E3544FFD3D
review160,42,review160-042-page-134.png,134,160,FC4F111131EF39BF18762784F1CE80336304415DB0ADDDC6B41744E3544FFD3D
review160,43,review160-043-page-135.png,135,160,FC4F111131EF39BF18762784F1CE80336304415DB0ADDDC6B41744E3544FFD3D
review160,44,review160-044-page-136.png,136,160,FC4F111131EF39BF18762784F1CE80336304415DB0ADDDC6B41744E3544FFD3D
review160,45,review160-045-page-137.png,137,160,FC4F111131EF39BF18762784F1CE80336304415DB0ADDDC6B41744E3544FFD3D
review160,46,review160-046-page-138.png,138,160,FC4F111131EF39BF18762784F1CE80336304415DB0ADDDC6B41744E3544FFD3D
review160,47,review160-047-page-139.png,139,160,FC4F111131EF39BF18762784F1CE80336304415DB0ADDDC6B41744E3544FFD3D
review160,48,review160-048-page-140.png,140,160,FC4F111131EF39BF18762784F1CE80336304415DB0ADDDC6B41744E3544FFD3D
review160,49,review160-049-page-141.png,141,160,FC4F111131EF39BF18762784F1CE80336304415DB0ADDDC6B41744E3544FFD3D
review160,50,review160-050-page-147.png,147,160,FC4F111131EF39BF18762784F1CE80336304415DB0ADDDC6B41744E3544FFD3D
review160,51,review160-051-page-148.png,148,160,FC4F111131EF39BF18762784F1CE80336304415DB0ADDDC6B41744E3544FFD3D
review160,52,review160-052-page-149.png,149,160,FC4F111131EF39BF18762784F1CE80336304415DB0ADDDC6B41744E3544FFD3D
review160,53,review160-053-page-150.png,150,160,FC4F111131EF39BF18762784F1CE80336304415DB0ADDDC6B41744E3544FFD3D
review160,54,review160-054-page-151.png,151,160,FC4F111131EF39BF18762784F1CE80336304415DB0ADDDC6B41744E3544FFD3D
review160,55,review160-055-page-158.png,158,160,FC4F111131EF39BF18762784F1CE80336304415DB0ADDDC6B41744E3544FFD3D
review160,56,review160-056-page-159.png,159,160,FC4F111131EF39BF18762784F1CE80336304415DB0ADDDC6B41744E3544FFD3D
review160,57,review160-057-page-160.png,160,160,FC4F111131EF39BF18762784F1CE80336304415DB0ADDDC6B41744E3544FFD3D
review160,58,review160-058-page-164.png,164,160,FC4F111131EF39BF18762784F1CE80336304415DB0ADDDC6B41744E3544FFD3D
review160,59,review160-059-page-165.png,165,160,FC4F111131EF39BF18762784F1CE80336304415DB0ADDDC6B41744E3544FFD3D
review160,60,review160-060-page-166.png,166,160,FC4F111131EF39BF18762784F1CE80336304415DB0ADDDC6B41744E3544FFD3D
review160,61,review160-061-page-169.png,169,160,FC4F111131EF39BF18762784F1CE80336304415DB0ADDDC6B41744E3544FFD3D
review160,62,review160-062-page-170.png,170,160,FC4F111131EF39BF18762784F1CE80336304415DB0ADDDC6B41744E3544FFD3D
review160,63,review160-063-page-171.png,171,160,FC4F111131EF39BF18762784F1CE80336304415DB0ADDDC6B41744E3544FFD3D
review160,64,review160-064-page-172.png,172,160,FC4F111131EF39BF18762784F1CE80336304415DB0ADDDC6B41744E3544FFD3D
review160,65,review160-065-page-173.png,173,160,FC4F111131EF39BF18762784F1CE80336304415DB0ADDDC6B41744E3544FFD3D
review160,66,review160-066-page-174.png,174,160,FC4F111131EF39BF18762784F1CE80336304415DB0ADDDC6B41744E3544FFD3D
review160,67,review160-067-page-175.png,175,160,FC4F111131EF39BF18762784F1CE80336304415DB0ADDDC6B41744E3544FFD3D
review160,68,review160-068-page-178.png,178,160,FC4F111131EF39BF18762784F1CE80336304415DB0ADDDC6B41744E3544FFD3D
review160,69,review160-069-page-179.png,179,160,FC4F111131EF39BF18762784F1CE80336304415DB0ADDDC6B41744E3544FFD3D
review160,70,review160-070-page-180.png,180,160,FC4F111131EF39BF18762784F1CE80336304415DB0ADDDC6B41744E3544FFD3D
review160,71,review160-071-page-183.png,183,160,FC4F111131EF39BF18762784F1CE80336304415DB0ADDDC6B41744E3544FFD3D
review160,72,review160-072-page-184.png,184,160,FC4F111131EF39BF18762784F1CE80336304415DB0ADDDC6B41744E3544FFD3D
review160,73,review160-073-page-185.png,185,160,FC4F111131EF39BF18762784F1CE80336304415DB0ADDDC6B41744E3544FFD3D
review160,74,review160-074-page-187.png,187,160,FC4F111131EF39BF18762784F1CE80336304415DB0ADDDC6B41744E3544FFD3D
review160,75,review160-075-page-188.png,188,160,FC4F111131EF39BF18762784F1CE80336304415DB0ADDDC6B41744E3544FFD3D
review160,76,review160-076-page-189.png,189,160,FC4F111131EF39BF18762784F1CE80336304415DB0ADDDC6B41744E3544FFD3D
review160,77,review160-077-page-190.png,190,160,FC4F111131EF39BF18762784F1CE80336304415DB0ADDDC6B41744E3544FFD3D
review160,78,review160-078-page-249.png,249,160,FC4F111131EF39BF18762784F1CE80336304415DB0ADDDC6B41744E3544FFD3D
review160,79,review160-079-page-250.png,250,160,FC4F111131EF39BF18762784F1CE80336304415DB0ADDDC6B41744E3544FFD3D
review160,80,review160-080-page-251.png,251,160,FC4F111131EF39BF18762784F1CE80336304415DB0ADDDC6B41744E3544FFD3D
review160,81,review160-081-page-253.png,253,160,FC4F111131EF39BF18762784F1CE80336304415DB0ADDDC6B41744E3544FFD3D
review160,82,review160-082-page-254.png,254,160,FC4F111131EF39BF18762784F1CE80336304415DB0ADDDC6B41744E3544FFD3D
review160,83,review160-083-page-255.png,255,160,FC4F111131EF39BF18762784F1CE80336304415DB0ADDDC6B41744E3544FFD3D
review160,84,review160-084-page-256.png,256,160,FC4F111131EF39BF18762784F1CE80336304415DB0ADDDC6B41744E3544FFD3D
review160,85,review160-085-page-273.png,273,160,FC4F111131EF39BF18762784F1CE80336304415DB0ADDDC6B41744E3544FFD3D
review160,86,review160-086-page-274.png,274,160,FC4F111131EF39BF18762784F1CE80336304415DB0ADDDC6B41744E3544FFD3D
review160,87,review160-087-page-275.png,275,160,FC4F111131EF39BF18762784F1CE80336304415DB0ADDDC6B41744E3544FFD3D
review160,88,review160-088-page-278.png,278,160,FC4F111131EF39BF18762784F1CE80336304415DB0ADDDC6B41744E3544FFD3D
review160,89,review160-089-page-279.png,279,160,FC4F111131EF39BF18762784F1CE80336304415DB0ADDDC6B41744E3544FFD3D
review160,90,review160-090-page-280.png,280,160,FC4F111131EF39BF18762784F1CE80336304415DB0ADDDC6B41744E3544FFD3D
review160,91,review160-091-page-281.png,281,160,FC4F111131EF39BF18762784F1CE80336304415DB0ADDDC6B41744E3544FFD3D
review160,92,review160-092-page-282.png,282,160,FC4F111131EF39BF18762784F1CE80336304415DB0ADDDC6B41744E3544FFD3D
review160,93,review160-093-page-283.png,283,160,FC4F111131EF39BF18762784F1CE80336304415DB0ADDDC6B41744E3544FFD3D
review160,94,review160-094-page-284.png,284,160,FC4F111131EF39BF18762784F1CE80336304415DB0ADDDC6B41744E3544FFD3D
review160,95,review160-095-page-285.png,285,160,FC4F111131EF39BF18762784F1CE80336304415DB0ADDDC6B41744E3544FFD3D
review160,96,review160-096-page-286.png,286,160,FC4F111131EF39BF18762784F1CE80336304415DB0ADDDC6B41744E3544FFD3D
review160,97,review160-097-page-290.png,290,160,FC4F111131EF39BF18762784F1CE80336304415DB0ADDDC6B41744E3544FFD3D
review160,98,review160-098-page-291.png,291,160,FC4F111131EF39BF18762784F1CE80336304415DB0ADDDC6B41744E3544FFD3D
review160,99,review160-099-page-292.png,292,160,FC4F111131EF39BF18762784F1CE80336304415DB0ADDDC6B41744E3544FFD3D
review160,100,review160-100-page-293.png,293,160,FC4F111131EF39BF18762784F1CE80336304415DB0ADDDC6B41744E3544FFD3D
review160,101,review160-101-page-294.png,294,160,FC4F111131EF39BF18762784F1CE80336304415DB0ADDDC6B41744E3544FFD3D
